ladder_match_id,status,match_id,map_name,game_completed_at,host_name,host_discord_id,host_profile_id,host_elo_before,host_elo_diff,guest_name,guest_discord_id,guest_profile_id,guest_elo_before,guest_elo_diff,winner_discord_id
245,COMPLETED,508879537,Frigid Lake,1790263410,Uzikoti,139886013538369536,1143826,1116,17,nopantsday,237735360950566913,442163,1063,-17,139886013538369536
244,COMPLETED,508682535,Mudflow,1790184120,Uzikoti,139886013538369536,1143826,1102,14,doubleroko,290483382620782612,10082510,987,-14,139886013538369536
243,COMPLETED,,Monocle,,Uzikoti,139886013538369536,1143826,1122,-20,Leonidas,233075352564400128,1210686,1117,20,233075352564400128
241,COMPLETED,508042086,Mudflow,1789930682,Uzikoti,139886013538369536,1143826,1148,-26,nopantsday,237735360950566913,442163,1037,26,237735360950566913
239,COMPLETED,,Dry river,,Uzikoti,139886013538369536,1143826,1135,13,doubleroko,290483382620782612,10082510,1000,-13,139886013538369536
238,COMPLETED,,Immersion,,Uzikoti,139886013538369536,1143826,1163,-28,nopantsday,237735360950566913,442163,1009,28,237735360950566913
237,COMPLETED,500750010,Big Freeze,1787226920,BabiFort,381022209289748480,1013995,1031,16,Shirar,85447721334378496,1257008,961,-16,381022209289748480
236,COMPLETED,,Fortified Clearing,,BabiFort,381022209289748480,1013995,1013,18,anti.ortographe,468394497714290688,993498,974,-18,381022209289748480
234,COMPLETED,,Arabia,,Uzikoti,139886013538369536,1143826,1150,13,nopantsday,237735360950566913,442163,1022,-13,139886013538369536
231,COMPLETED,479080955,Land Nomad,1779228266,Grunthor,188731341330841600,255370,1055,17,SupaSaymon,702172124588015639,1356945,998,-17,188731341330841600
228,COMPLETED,478740508,Dunespring,,Grunthor,188731341330841600,255370,1037,18,Le Super Fluffy,242369134048837632,1430264,1008,-18,188731341330841600
227,COMPLETED,,African Clearing,,Grunthor,188731341330841600,255370,1024,13,Rakussy,718819477172781097,11164760,889,-13,188731341330841600
226,COMPLETED,477995439,African Reed Beds,1778868841,Leonidas,233075352564400128,1210686,1137,-20,Uzikoti,139886013538369536,1143826,1130,20,139886013538369536
224,COMPLETED,,Evacuation,,Rakussy,718819477172781097,11164760,900,-11,Drasah,242421489536729100,9668335,1069,11,242421489536729100
223,COMPLETED,,Fortified Clearing,,Drasah,242421489536729100,9668335,1057,12,Rakussy,718819477172781097,11164760,912,-12,242421489536729100
222,COMPLETED,477831151,Land Nomad,1778796231,Uzikoti,139886013538369536,1143826,1120,10,Rakussy,718819477172781097,11164760,922,-10,139886013538369536
221,COMPLETED,,Arabia,,Le Super Fluffy,242369134048837632,1430264,986,22,Tointoin,264065700966957056,213249,1020,-22,242369134048837632
219,COMPLETED,,Arabia,,Le Super Fluffy,242369134048837632,1430264,1006,-20,Tointoin,264065700966957056,213249,1000,20,264065700966957056
217,COMPLETED,477524852,Dunespring,1778693200,Le Super Fluffy,242369134048837632,1430264,982,24,nopantsday,237735360950566913,442163,1046,-24,242369134048837632
216,COMPLETED,477517465,Fortified Clearing,1778692020,nopantsday,237735360950566913,442163,1028,18,Le Super Fluffy,242369134048837632,1430264,1000,-18,237735360950566913
213,COMPLETED,476896648,Fish n Fish,1778446699,Grunthor,188731341330841600,255370,1044,-20,Drasah,242421489536729100,9668335,1037,20,242421489536729100
212,COMPLETED,476890926,Kawasan,1778445179,Grunthor,188731341330841600,255370,1025,19,Ligéis,689165485107052552,1865234,1000,-19,188731341330841600
208,COMPLETED,476095705,Coast to Mountain,,Uzikoti,139886013538369536,1143826,1104,16,Grunthor,188731341330841600,255370,1041,-16,139886013538369536
207,COMPLETED,476087272,Frozen River,,Grunthor,188731341330841600,255370,1022,19,Luldo,288039767822696450,1517585,1000,-19,188731341330841600
205,COMPLETED,476018889,Kawasan,1778166935,Lylzz,844943719102545940,9948633,1087,-20,Uzikoti,139886013538369536,1143826,1084,20,139886013538369536
204,COMPLETED,475872156,Sacred Springs,1778101634,nopantsday,237735360950566913,442163,1044,-16,Leonidas,233075352564400128,1210686,1121,16,233075352564400128
203,COMPLETED,475867211,Haboob,1778099725,Grunthor,188731341330841600,255370,1043,-21,nopantsday,237735360950566913,442163,1023,21,237735360950566913
202,COMPLETED,475862218,Hideout,1778098664,Grunthor,188731341330841600,255370,1066,-23,Drasah,242421489536729100,9668335,1014,23,242421489536729100
201,COMPLETED,475855843,Frozen River,1778097134,Leonidas,233075352564400128,1210686,1102,19,Grunthor,188731341330841600,255370,1085,-19,233075352564400128
200,COMPLETED,475848259,Sacred Springs,1778094434,anti.ortographe,468394497714290688,993498,1000,-26,Rakussy,718819477172781097,11164760,896,26,718819477172781097
199,COMPLETED,475816230,Hideout,1778085493,Lylzz,844943719102545940,9948633,1069,18,Drasah,242421489536729100,9668335,1032,-18,844943719102545940
197,COMPLETED,,Canberra,,Zer,1044952333274058792,10653634,965,-17,Drasah,242421489536729100,9668335,1015,17,242421489536729100
196,COMPLETED,,Fish n Fish,,Drasah,242421489536729100,9668335,1000,15,Rakussy,718819477172781097,11164760,911,-15,242421489536729100
195,COMPLETED,,Fish n Fish,,BabiFort,381022209289748480,1013995,1000,13,Sylvatica,673954214917177384,1437390,879,-13,381022209289748480
194,COMPLETED,,Coast to Mountain,,Grunthor,188731341330841600,255370,1068,17,SupaSaymon,702172124588015639,1356945,1015,-17,188731341330841600
193,COMPLETED,474364496,Kawasan,1777578140,Sylvatica,673954214917177384,1437390,899,-20,Rakussy,718819477172781097,11164760,891,20,718819477172781097
191,COMPLETED,474354057,Haboob,1777577000,SupaSaymon,702172124588015639,1356945,1000,15,Rakussy,718819477172781097,11164760,906,-15,702172124588015639
189,COMPLETED,,Fish n Fish,,Leonidas,233075352564400128,1210686,1085,17,nopantsday,237735360950566913,442163,1040,-17,233075352564400128
187,COMPLETED,,Frozen River,,Zer,1044952333274058792,10653634,981,-16,Lylzz,844943719102545940,9948633,1053,16,844943719102545940
186,COMPLETED,,Fish n Fish,,Uzikoti,139886013538369536,1143826,1067,17,BabiFort,381022209289748480,1013995,1017,-17,139886013538369536
184,COMPLETED,,Fish n Fish,,GaeLife,320939445874589696,3419887,1048,13,Rakussy,718819477172781097,11164760,919,-13,320939445874589696
183,COMPLETED,,Fish n Fish,,Eratuss,350284421154340876,1242469,1000,19,Shirar,85447721334378496,1257008,980,-19,350284421154340876
180,COMPLETED,473626350,Kawasan,1777305858,Aubin,1095325131821289542,,1072,-22,Uzikoti,139886013538369536,1143826,1045,22,139886013538369536
178,COMPLETED,,Kawasan,,GaeLife,320939445874589696,3419887,1035,13,Sylvatica,673954214917177384,1437390,912,-13,320939445874589696
176,COMPLETED,,Hideout,,GaeLife,320939445874589696,3419887,1016,19,Zer,1044952333274058792,10653634,1000,-19,320939445874589696
175,COMPLETED,,Kawasan,,Auriko,217329612550701056,8106265,1020,-21,Uzikoti,139886013538369536,1143826,1000,21,139886013538369536
174,COMPLETED,,Hideout,,Leonidas,233075352564400128,1210686,1062,23,Aubin,1095325131821289542,,1119,-23,233075352564400128
172,COMPLETED,,Fish n Fish,,Antoine,615891793120198698,1338675,973,-24,Rakussy,718819477172781097,11164760,895,24,718819477172781097
170,COMPLETED,,Canberra,,Antoine,615891793120198698,1338675,1000,-27,Rakussy,718819477172781097,11164760,868,27,718819477172781097
168,COMPLETED,,Hideout,,Leonidas,233075352564400128,1210686,1043,19,Drasah,242421489536729100,9668335,1019,-19,233075352564400128
167,COMPLETED,,Haboob,,GaeLife,320939445874589696,3419887,999,17,Leureduthé,780861309809852467,4395230,943,-17,320939445874589696
166,COMPLETED,,Fish n Fish,,GaeLife,320939445874589696,3419887,1020,-21,Auriko,217329612550701056,8106265,999,21,217329612550701056
165,COMPLETED,,Canberra,,Shirar,85447721334378496,1257008,1000,-20,Drasah,242421489536729100,9668335,999,20,242421489536729100
164,COMPLETED,,Frozen River,,Grunthor,188731341330841600,255370,1049,19,GaeLife,320939445874589696,3419887,1039,-19,188731341330841600
163,COMPLETED,,Baltic,,Lylzz,844943719102545940,9948633,1042,11,Rakussy,718819477172781097,11164760,879,-11,844943719102545940
162,COMPLETED,,Hideout,,Grunthor,188731341330841600,255370,1072,-23,Leonidas,233075352564400128,1210686,1020,23,233075352564400128
161,COMPLETED,,Frozen River,,Grunthor,188731341330841600,255370,1058,14,Leureduthé,780861309809852467,4395230,957,-14,188731341330841600
160,COMPLETED,,Hideout,,Lylzz,844943719102545940,9948633,1022,20,Drasah,242421489536729100,9668335,1019,-20,844943719102545940
159,COMPLETED,,Kawasan,,Lylzz,844943719102545940,9948633,1042,-20,Grunthor,188731341330841600,255370,1038,20,188731341330841600
158,COMPLETED,,Canberra,,Drasah,242421489536729100,9668335,1000,19,Leureduthé,780861309809852467,4395230,976,-19,242421489536729100
157,COMPLETED,,Haboob,,Leonidas,233075352564400128,1210686,1000,20,Leureduthé,780861309809852467,4395230,996,-20,233075352564400128
156,COMPLETED,,Canberra,,Drasah,242421489536729100,9668335,983,17,Sylvatica,673954214917177384,1437390,929,-17,242421489536729100
155,COMPLETED,,Canberra,,Rakussy,718819477172781097,11164760,891,-12,Lylzz,844943719102545940,9948633,1030,12,844943719102545940
154,COMPLETED,,Islands,,Rakussy,718819477172781097,11164760,905,-14,Lylzz,844943719102545940,9948633,1016,14,844943719102545940
153,COMPLETED,,Frozen River,,Lylzz,844943719102545940,9948633,1000,16,Rakussy,718819477172781097,11164760,921,-16,844943719102545940
149,COMPLETED,,Kawasan,,Auriko,217329612550701056,8106265,981,18,Rakussy,718819477172781097,11164760,939,-18,217329612550701056
148,COMPLETED,,Frozen River,,Grunthor,188731341330841600,255370,1019,19,Auriko,217329612550701056,8106265,1000,-19,188731341330841600
147,COMPLETED,,Coast to Mountain,,Grunthor,188731341330841600,255370,1002,17,Rakussy,718819477172781097,11164760,956,-17,188731341330841600
146,COMPLETED,,Hideout,,Sylvatica,673954214917177384,1437390,946,-17,BabiFort,381022209289748480,1013995,1000,17,381022209289748480
145,COMPLETED,,Canberra,,Leureduthé,780861309809852467,4395230,1019,-23,Drasah,242421489536729100,9668335,960,23,242421489536729100
144,COMPLETED,,Coast to Mountain,,Leureduthé,780861309809852467,4395230,1000,19,Drasah,242421489536729100,9668335,979,-19,780861309809852467
143,COMPLETED,,Coast to Mountain,,Grunthor,188731341330841600,255370,1026,-24,Drasah,242421489536729100,9668335,955,24,242421489536729100
142,COMPLETED,,Kawasan,,Crestfallen,1009783348094312541,2713321,1000,-24,Sylvatica,673954214917177384,1437390,922,24,673954214917177384
139,COMPLETED,,Haboob,,Aubin,1095325131821289542,,1102,17,Grunthor,188731341330841600,255370,1043,-17,1095325131821289542
138,COMPLETED,,Fish n Fish,,Grunthor,188731341330841600,255370,1026,17,Drasah,242421489536729100,9668335,972,-17,188731341330841600
137,COMPLETED,,Kawasan,,Aubin,1095325131821289542,,1090,12,Sylvatica,673954214917177384,1437390,934,-12,1095325131821289542
136,COMPLETED,,Hideout,,Grunthor,188731341330841600,255370,1007,19,Drasah,242421489536729100,9668335,991,-19,188731341330841600
135,COMPLETED,,Baltic,,Aubin,1095325131821289542,,1120,-30,Rakussy,718819477172781097,11164760,926,30,718819477172781097
134,COMPLETED,,Fish n Fish,,Grunthor,188731341330841600,255370,1028,-21,GaeLife,320939445874589696,3419887,1018,21,320939445874589696
133,COMPLETED,,Baltic,,Drasah,242421489536729100,9668335,972,19,Sylvatica,673954214917177384,1437390,953,-19,242421489536729100
132,COMPLETED,,Haboob,,Aubin,1095325131821289542,,1109,11,Rakussy,718819477172781097,11164760,937,-11,1095325131821289542
130,COMPLETED,,Sacred Springs,,GaeLife,320939445874589696,3419887,1000,18,Sylvatica,673954214917177384,1437390,971,-18,320939445874589696
129,COMPLETED,,Hideout,,Grunthor,188731341330841600,255370,1009,19,Sylvatica,673954214917177384,1437390,990,-19,188731341330841600
128,COMPLETED,,Sacred Springs,,SupaSaymon,702172124588015639,1356945,982,18,Rakussy,718819477172781097,11164760,955,-18,702172124588015639
127,COMPLETED,,Fish n Fish,,SupaSaymon,702172124588015639,1356945,961,21,Rakussy,718819477172781097,11164760,976,-21,702172124588015639
126,COMPLETED,,Frozen River,,Rakussy,718819477172781097,11164760,954,22,SupaSaymon,702172124588015639,1356945,983,-22,718819477172781097
125,COMPLETED,,Fish n Fish,,Aubin,1095325131821289542,,1095,14,Drasah,242421489536729100,9668335,986,-14,1095325131821289542
123,COMPLETED,,Sacred Springs,,Aubin,1095325131821289542,,1081,14,Rakussy,718819477172781097,11164760,968,-14,1095325131821289542
121,COMPLETED,,Canberra,,nopantsday,237735360950566913,442163,1021,19,Drasah,242421489536729100,9668335,1005,-19,237735360950566913
120,COMPLETED,,Sacred Springs,,Drasah,242421489536729100,9668335,1026,-21,nopantsday,237735360950566913,442163,1000,21,237735360950566913
118,COMPLETED,,Kawasan,,Thorongil,1489355208927608902,9928723,1000,-22,SupaSaymon,702172124588015639,1356945,961,22,702172124588015639
114,COMPLETED,,Sacred Springs,,Aubin,1095325131821289542,,1066,15,Rakussy,718819477172781097,11164760,983,-15,1095325131821289542
113,COMPLETED,,Kawasan,,SupaSaymon,702172124588015639,1356945,982,-21,Sylvatica,673954214917177384,1437390,969,21,673954214917177384
112,COMPLETED,,Kawasan,,Drasah,242421489536729100,9668335,1004,22,Grunthor,188731341330841600,255370,1031,-22,242421489536729100
111,COMPLETED,,Fish n Fish,,Aubin,1095325131821289542,,1050,16,Sylvatica,673954214917177384,1437390,985,-16,1095325131821289542
110,COMPLETED,,Sacred Springs,,Aubin,1095325131821289542,,1032,18,SupaSaymon,702172124588015639,1356945,1000,-18,1095325131821289542
109,COMPLETED,,Kawasan,,Pedro el Bandito,220001620274970624,2150291,985,-20,Drasah,242421489536729100,9668335,984,20,242421489536729100
108,COMPLETED,,Islands,,Aubin,1095325131821289542,,1017,15,Sylvatica,673954214917177384,1437390,1000,-15,1095325131821289542
107,COMPLETED,,Baltic,,Aubin,1095325131821289542,,1001,16,Drasah,242421489536729100,9668335,1000,-16,1095325131821289542
105,COMPLETED,,Frozen River,,Grunthor,188731341330841600,255370,1016,15,Pedro el Bandito,220001620274970624,2150291,1000,-15,188731341330841600
103,COMPLETED,,Hideout,,Rakussy,718819477172781097,11164760,1000,-17,Aubin,1095325131821289542,,984,17,1095325131821289542
101,COMPLETED,,Fish n Fish,,Aubin,1095325131821289542,,1000,-16,Grunthor,188731341330841600,255370,1000,16,188731341330841600
