discord_id,ladder_name,profile_id
810383053205405698,,11903895
294938148595564545,,1319702
689230271798706186,,15418565
303660373100462080,,3463661
232161632682246144,,518771
804578801001562172,,3977859
394156174288617475,,2566372
487655228766945281,,392423
707112419977068544,,8788046
828201484654477312,,9856927
695699215321661571,,11607189
268416251045347328,,10282547
1206364828017623053,,6452811
455437009893326868,,3861332
300288416518635520,,765851
578295302591610880,,1853539
704442843212808242,,84625
691563061861023764,,14834421
1042170416204103732,,5586263
173766877422682112,,1077025
357857248497631244,,1476149
594640053511389184,,377935
828201484654477312,,22564081
801913382567149578,,11471863
268416251045347328,,14559472
283367733628895235,,3977253
1256360271337881633,,5260423
376314783143559180,,333933
177779129473695750,,3389076
1488172287902482653,,12121212
492774738590957578,,11487073
587249293157597185,,16427102
689230271798706186,,1995736
303660373100462080,,738035
300288416518635520,,15252872
693826881157464144,,1181175
704442843212808242,,18791075
559033245384048680,,1915175
707112419977068544,,2575465
1163891557250908272,,11275434
828201484654477312,,4018280
181420607538200576,,1399027
695699215321661571,,4729544
268416251045347328,,1373080
324937672663760906,,794104
268416251045347328,,15094643
359045835314561024,,18803434
297482588296052736,,9948695
349917663432146956,Anthoxx,1613746
468394497714290688,anti.ortographe,993498
615891793120198698,Antoine,1338675
273150953233055744,Aramatu,1326949
217329612550701056,Auriko,8106265
381022209289748480,BabiFort,1013995
1233010080853655633,Babou08,18667911
153168257153499136,CaptainThomas,1349498
1009783348094312541,Crestfallen,2713321
325567995919335434,DjBenP,844571
290483382620782612,doubleroko,10082510
242421489536729100,Drasah,21251770
242421489536729100,Drasah,9668335
242421489536729100,Drasah,10909223
242421489536729100,Drasah,15008799
350284421154340876,Eratuss,1242469
320939445874589696,GaeLife,3419887
188731341330841600,Grunthor,3036386
188731341330841600,Grunthor,255370
343495048412921856,Guiiksilver,383378
694610198853189785,Kolimir,1067519
135798363340800000,Korkhov,2060189
242369134048837632,Le Super Fluffy,1430264
242369134048837632,Le Super Fluffy,21048848
233075352564400128,Leonidas,1210686
780861309809852467,Leureduthé,12277236
780861309809852467,Leureduthé,4395230
689165485107052552,Ligéis,1865234
288039767822696450,Luldo,1517585
844943719102545940,Lylzz,9948633
536616115992920064,Martiliacus,1060805
329172470399762432,MatPy,1422866
867534391436378123,Merlin,848567
867534391436378123,Merlin,17190369
237735360950566913,nopantsday,442163
1175091216203923538,Pasatho,4516483
220001620274970624,Pedro el Bandito,2150291
1321220400889466955,Pymp14,11714659
718819477172781097,Rakussy,11164760
313775971092267018,Shenshenko,895703
85447721334378496,Shirar,1257008
334659733338456064,sidiK,17016335
702172124588015639,SupaSaymon,1356945
702172124588015639,SupaSaymon,18990393
673954214917177384,Sylvatica,1437390
252159669949300737,Themole,19202084
1489355208927608902,Thorongil,9928723
264065700966957056,Tointoin,213249
139886013538369536,Uzikoti,1143826
1044952333274058792,Zer,25206443
1044952333274058792,Zer,10653634
