discord_id,ladder_name,profile_id,profile_created_at
810383053205405698,,11903895,2026-02-07 16:10:00
294938148595564545,,1319702,2026-04-10 23:25:20
689230271798706186,,15418565,2026-02-07 16:10:00
303660373100462080,,3463661,2026-02-07 16:10:00
232161632682246144,,518771,2026-02-07 16:10:00
804578801001562172,,3977859,2026-02-07 16:10:00
394156174288617475,,2566372,2026-02-07 16:10:00
487655228766945281,,392423,2026-02-07 16:10:00
707112419977068544,,8788046,2026-02-07 16:10:00
828201484654477312,,9856927,2026-02-07 16:10:00
695699215321661571,,11607189,2026-02-07 16:10:00
268416251045347328,,10282547,2026-02-07 16:10:00
1206364828017623053,,6452811,2026-02-07 16:10:00
455437009893326868,,3861332,2026-02-07 16:10:00
300288416518635520,,765851,2026-02-07 16:10:00
578295302591610880,,1853539,2026-02-07 16:10:00
704442843212808242,,84625,2026-02-07 16:10:00
691563061861023764,,14834421,2026-02-07 16:10:00
1042170416204103732,,5586263,2026-02-07 16:10:00
173766877422682112,,1077025,2026-02-07 16:10:00
357857248497631244,,1476149,2026-02-07 16:10:00
594640053511389184,,377935,2026-02-07 16:10:00
828201484654477312,,22564081,2026-02-07 16:10:00
801913382567149578,,11471863,2026-02-07 16:10:00
268416251045347328,,14559472,2026-02-07 16:10:00
283367733628895235,,3977253,2026-02-07 16:10:00
1256360271337881633,,5260423,2026-02-07 16:10:00
376314783143559180,,333933,2026-02-07 16:10:00
177779129473695750,,3389076,2026-02-07 16:10:00
1488172287902482653,,12121212,2026-04-10 20:58:37
492774738590957578,,11487073,2026-06-28 17:54:14
587249293157597185,,16427102,2026-02-07 16:10:00
689230271798706186,,1995736,2026-02-07 16:10:00
303660373100462080,,738035,2026-02-07 16:10:00
300288416518635520,,15252872,2026-02-07 16:10:00
693826881157464144,,1181175,2026-02-07 16:10:00
704442843212808242,,18791075,2026-02-07 16:10:00
559033245384048680,,1915175,2026-02-07 16:10:00
707112419977068544,,2575465,2026-02-07 16:10:00
1163891557250908272,,11275434,2026-02-07 16:10:00
828201484654477312,,4018280,2026-02-07 16:10:00
181420607538200576,,1399027,2026-02-07 16:10:00
695699215321661571,,4729544,2026-02-07 16:10:00
268416251045347328,,1373080,2026-02-07 16:10:00
324937672663760906,,794104,2026-02-07 16:10:00
268416251045347328,,15094643,2026-02-07 16:10:00
359045835314561024,,18803434,2026-02-07 16:10:00
297482588296052736,,9948695,2026-02-07 16:10:00
349917663432146956,Anthoxx,1613746,2026-04-10 21:55:23
468394497714290688,anti.ortographe,993498,2026-05-04 20:31:40
615891793120198698,Antoine,1338675,2026-04-14 14:08:28
273150953233055744,Aramatu,1326949,2026-02-07 16:10:00
217329612550701056,Auriko,8106265,2026-04-24 19:41:06
381022209289748480,BabiFort,1013995,2026-04-23 17:45:02
1233010080853655633,Babou08,18667911,2026-04-14 08:09:24
153168257153499136,CaptainThomas,1349498,2026-04-26 21:48:31
1009783348094312541,Crestfallen,2713321,2026-04-24 11:20:05
325567995919335434,DjBenP,844571,2026-02-07 15:10:31
290483382620782612,doubleroko,10082510,2026-09-17 18:24:04
242421489536729100,Drasah,21251770,2026-02-07 16:10:00
242421489536729100,Drasah,9668335,2026-02-07 16:10:00
242421489536729100,Drasah,10909223,2026-02-07 16:10:00
242421489536729100,Drasah,15008799,2026-02-07 16:10:00
350284421154340876,Eratuss,1242469,2026-02-07 16:10:00
320939445874589696,GaeLife,3419887,2026-04-20 20:15:49
188731341330841600,Grunthor,3036386,2026-04-10 21:37:52
188731341330841600,Grunthor,255370,2026-02-07 16:10:00
343495048412921856,Guiiksilver,383378,2026-04-25 15:13:50
694610198853189785,Kolimir,1067519,2026-05-02 15:24:02
135798363340800000,Korkhov,2060189,2026-03-17 21:00:44
242369134048837632,Le Super Fluffy,1430264,2026-02-07 16:10:00
242369134048837632,Le Super Fluffy,21048848,2026-02-07 16:10:00
233075352564400128,Leonidas,1210686,2026-02-07 16:10:00
780861309809852467,Leureduthé,12277236,2026-02-07 16:10:00
780861309809852467,Leureduthé,4395230,2026-02-07 16:10:00
689165485107052552,Ligéis,1865234,2026-05-07 22:24:56
288039767822696450,Luldo,1517585,2026-02-07 16:10:00
844943719102545940,Lylzz,9948633,2026-02-07 16:10:00
536616115992920064,Martiliacus,1060805,2026-02-07 16:10:00
329172470399762432,MatPy,1422866,2026-07-05 03:40:03
867534391436378123,Merlin,848567,2026-02-06 01:58:12
867534391436378123,Merlin,17190369,2026-04-24 20:00:01
237735360950566913,nopantsday,442163,2026-04-13 22:09:22
1175091216203923538,Pasatho,4516483,2026-03-13 20:35:48
220001620274970624,Pedro el Bandito,2150291,2026-04-14 14:03:50
1321220400889466955,Pymp14,11714659,2026-04-13 18:29:30
718819477172781097,Rakussy,11164760,2026-04-14 14:14:07
313775971092267018,Shenshenko,895703,2026-02-07 16:10:00
85447721334378496,Shirar,1257008,2026-04-25 17:22:27
334659733338456064,sidiK,17016335,2026-04-14 19:23:28
702172124588015639,SupaSaymon,1356945,2026-02-07 16:10:00
702172124588015639,SupaSaymon,18990393,2026-02-07 16:10:00
673954214917177384,Sylvatica,1437390,2026-02-07 16:10:00
252159669949300737,Themole,19202084,2026-04-15 19:57:13
1489355208927608902,Thorongil,9928723,2026-04-17 23:06:17
264065700966957056,Tointoin,213249,2026-05-12 19:45:00
139886013538369536,Uzikoti,1143826,2026-04-26 20:05:15
1044952333274058792,Zer,25206443,2026-04-26 19:27:01
1044952333274058792,Zer,10653634,2026-04-26 19:26:01
